--
-- PostgreSQL database dump
--

-- Dumped from database version 12.17 (Ubuntu 12.17-1.pgdg22.04+1)
-- Dumped by pg_dump version 12.17 (Ubuntu 12.17-1.pgdg22.04+1)

SET statement_timeout = 0;
SET lock_timeout = 0;
SET idle_in_transaction_session_timeout = 0;
SET client_encoding = 'UTF8';
SET standard_conforming_strings = on;
SELECT pg_catalog.set_config('search_path', '', false);
SET check_function_bodies = false;
SET xmloption = content;
SET client_min_messages = warning;
SET row_security = off;

DROP DATABASE universe;
--
-- Name: universe; Type: DATABASE; Schema: -; Owner: freecodecamp
--

CREATE DATABASE universe WITH TEMPLATE = template0 ENCODING = 'UTF8' LC_COLLATE = 'C.UTF-8' LC_CTYPE = 'C.UTF-8';


ALTER DATABASE universe OWNER TO freecodecamp;

\connect universe

SET statement_timeout = 0;
SET lock_timeout = 0;
SET idle_in_transaction_session_timeout = 0;
SET client_encoding = 'UTF8';
SET standard_conforming_strings = on;
SELECT pg_catalog.set_config('search_path', '', false);
SET check_function_bodies = false;
SET xmloption = content;
SET client_min_messages = warning;
SET row_security = off;

SET default_tablespace = '';

SET default_table_access_method = heap;

--
-- Name: galaxy; Type: TABLE; Schema: public; Owner: freecodecamp
--

CREATE TABLE public.galaxy (
    galaxy_id integer NOT NULL,
    name character varying(255) NOT NULL,
    size numeric NOT NULL,
    description text,
    has_black_hole boolean NOT NULL
);


ALTER TABLE public.galaxy OWNER TO freecodecamp;

--
-- Name: galaxy_galaxy_id_seq; Type: SEQUENCE; Schema: public; Owner: freecodecamp
--

CREATE SEQUENCE public.galaxy_galaxy_id_seq
    AS integer
    START WITH 1
    INCREMENT BY 1
    NO MINVALUE
    NO MAXVALUE
    CACHE 1;


ALTER TABLE public.galaxy_galaxy_id_seq OWNER TO freecodecamp;

--
-- Name: galaxy_galaxy_id_seq; Type: SEQUENCE OWNED BY; Schema: public; Owner: freecodecamp
--

ALTER SEQUENCE public.galaxy_galaxy_id_seq OWNED BY public.galaxy.galaxy_id;


--
-- Name: moon; Type: TABLE; Schema: public; Owner: freecodecamp
--

CREATE TABLE public.moon (
    moon_id integer NOT NULL,
    name character varying(255) NOT NULL,
    planet_id integer NOT NULL,
    diameter integer NOT NULL,
    has_atmosphere boolean NOT NULL
);


ALTER TABLE public.moon OWNER TO freecodecamp;

--
-- Name: moon_moon_id_seq; Type: SEQUENCE; Schema: public; Owner: freecodecamp
--

CREATE SEQUENCE public.moon_moon_id_seq
    AS integer
    START WITH 1
    INCREMENT BY 1
    NO MINVALUE
    NO MAXVALUE
    CACHE 1;


ALTER TABLE public.moon_moon_id_seq OWNER TO freecodecamp;

--
-- Name: moon_moon_id_seq; Type: SEQUENCE OWNED BY; Schema: public; Owner: freecodecamp
--

ALTER SEQUENCE public.moon_moon_id_seq OWNED BY public.moon.moon_id;


--
-- Name: planet; Type: TABLE; Schema: public; Owner: freecodecamp
--

CREATE TABLE public.planet (
    planet_id integer NOT NULL,
    name character varying(255) NOT NULL,
    star_id integer NOT NULL,
    radius integer NOT NULL,
    is_habitable boolean NOT NULL
);


ALTER TABLE public.planet OWNER TO freecodecamp;

--
-- Name: planet_planet_id_seq; Type: SEQUENCE; Schema: public; Owner: freecodecamp
--

CREATE SEQUENCE public.planet_planet_id_seq
    AS integer
    START WITH 1
    INCREMENT BY 1
    NO MINVALUE
    NO MAXVALUE
    CACHE 1;


ALTER TABLE public.planet_planet_id_seq OWNER TO freecodecamp;

--
-- Name: planet_planet_id_seq; Type: SEQUENCE OWNED BY; Schema: public; Owner: freecodecamp
--

ALTER SEQUENCE public.planet_planet_id_seq OWNED BY public.planet.planet_id;


--
-- Name: space_station; Type: TABLE; Schema: public; Owner: freecodecamp
--

CREATE TABLE public.space_station (
    space_station_id integer NOT NULL,
    name character varying(255) NOT NULL,
    location text NOT NULL,
    crew_capacity integer NOT NULL,
    is_operational boolean NOT NULL
);


ALTER TABLE public.space_station OWNER TO freecodecamp;

--
-- Name: space_station_station_id_seq; Type: SEQUENCE; Schema: public; Owner: freecodecamp
--

CREATE SEQUENCE public.space_station_station_id_seq
    AS integer
    START WITH 1
    INCREMENT BY 1
    NO MINVALUE
    NO MAXVALUE
    CACHE 1;


ALTER TABLE public.space_station_station_id_seq OWNER TO freecodecamp;

--
-- Name: space_station_station_id_seq; Type: SEQUENCE OWNED BY; Schema: public; Owner: freecodecamp
--

ALTER SEQUENCE public.space_station_station_id_seq OWNED BY public.space_station.space_station_id;


--
-- Name: star; Type: TABLE; Schema: public; Owner: freecodecamp
--

CREATE TABLE public.star (
    star_id integer NOT NULL,
    name character varying(255) NOT NULL,
    galaxy_id integer NOT NULL,
    mass numeric NOT NULL,
    is_binary boolean NOT NULL
);


ALTER TABLE public.star OWNER TO freecodecamp;

--
-- Name: star_star_id_seq; Type: SEQUENCE; Schema: public; Owner: freecodecamp
--

CREATE SEQUENCE public.star_star_id_seq
    AS integer
    START WITH 1
    INCREMENT BY 1
    NO MINVALUE
    NO MAXVALUE
    CACHE 1;


ALTER TABLE public.star_star_id_seq OWNER TO freecodecamp;

--
-- Name: star_star_id_seq; Type: SEQUENCE OWNED BY; Schema: public; Owner: freecodecamp
--

ALTER SEQUENCE public.star_star_id_seq OWNED BY public.star.star_id;


--
-- Name: galaxy galaxy_id; Type: DEFAULT; Schema: public; Owner: freecodecamp
--

ALTER TABLE ONLY public.galaxy ALTER COLUMN galaxy_id SET DEFAULT nextval('public.galaxy_galaxy_id_seq'::regclass);


--
-- Name: moon moon_id; Type: DEFAULT; Schema: public; Owner: freecodecamp
--

ALTER TABLE ONLY public.moon ALTER COLUMN moon_id SET DEFAULT nextval('public.moon_moon_id_seq'::regclass);


--
-- Name: planet planet_id; Type: DEFAULT; Schema: public; Owner: freecodecamp
--

ALTER TABLE ONLY public.planet ALTER COLUMN planet_id SET DEFAULT nextval('public.planet_planet_id_seq'::regclass);


--
-- Name: space_station space_station_id; Type: DEFAULT; Schema: public; Owner: freecodecamp
--

ALTER TABLE ONLY public.space_station ALTER COLUMN space_station_id SET DEFAULT nextval('public.space_station_station_id_seq'::regclass);


--
-- Name: star star_id; Type: DEFAULT; Schema: public; Owner: freecodecamp
--

ALTER TABLE ONLY public.star ALTER COLUMN star_id SET DEFAULT nextval('public.star_star_id_seq'::regclass);


--
-- Data for Name: galaxy; Type: TABLE DATA; Schema: public; Owner: freecodecamp
--

INSERT INTO public.galaxy VALUES (1, 'Milky Way', 100000, 'Our home galaxy', true);
INSERT INTO public.galaxy VALUES (2, 'Andromeda', 220000, 'Nearest major galaxy', true);
INSERT INTO public.galaxy VALUES (3, 'Sombrero', 50000, 'Has a bright halo', false);
INSERT INTO public.galaxy VALUES (4, 'Whirlpool', 76000, 'Located in Canes Venatici', true);
INSERT INTO public.galaxy VALUES (5, 'Triangulum', 60000, 'Small spiral galaxy', false);
INSERT INTO public.galaxy VALUES (6, 'Cartwheel', 150000, 'Result of a galactic collision', false);


--
-- Data for Name: moon; Type: TABLE DATA; Schema: public; Owner: freecodecamp
--

INSERT INTO public.moon VALUES (1, 'Moon', 1, 3474, false);
INSERT INTO public.moon VALUES (2, 'Phobos', 2, 22, false);
INSERT INTO public.moon VALUES (3, 'Deimos', 2, 12, false);
INSERT INTO public.moon VALUES (4, 'Io', 3, 3643, true);
INSERT INTO public.moon VALUES (5, 'Europa', 3, 3121, true);
INSERT INTO public.moon VALUES (6, 'Ganymede', 3, 5262, true);
INSERT INTO public.moon VALUES (7, 'Callisto', 3, 4821, false);
INSERT INTO public.moon VALUES (8, 'Titan', 8, 5150, true);
INSERT INTO public.moon VALUES (9, 'Rhea', 8, 1527, false);
INSERT INTO public.moon VALUES (10, 'Triton', 7, 2706, true);
INSERT INTO public.moon VALUES (11, 'Charon', 10, 1212, false);
INSERT INTO public.moon VALUES (12, 'Oberon', 8, 1522, false);
INSERT INTO public.moon VALUES (13, 'Umbriel', 8, 1169, false);
INSERT INTO public.moon VALUES (14, 'Miranda', 8, 471, false);
INSERT INTO public.moon VALUES (15, 'Ariel', 8, 1158, false);
INSERT INTO public.moon VALUES (16, 'Dione', 8, 1120, false);
INSERT INTO public.moon VALUES (17, 'Enceladus', 8, 504, true);
INSERT INTO public.moon VALUES (18, 'Mimas', 8, 396, false);
INSERT INTO public.moon VALUES (19, 'Hyperion', 8, 270, false);
INSERT INTO public.moon VALUES (20, 'Iapetus', 8, 1469, false);


--
-- Data for Name: planet; Type: TABLE DATA; Schema: public; Owner: freecodecamp
--

INSERT INTO public.planet VALUES (1, 'Earth', 1, 6371, true);
INSERT INTO public.planet VALUES (2, 'Mars', 1, 3389, false);
INSERT INTO public.planet VALUES (3, 'Jupiter', 1, 69911, false);
INSERT INTO public.planet VALUES (4, 'Kepler-22b', 2, 12000, true);
INSERT INTO public.planet VALUES (5, 'HD 209458b', 3, 13000, false);
INSERT INTO public.planet VALUES (6, 'Gliese 581g', 4, 11000, true);
INSERT INTO public.planet VALUES (7, 'Neptune', 1, 24622, false);
INSERT INTO public.planet VALUES (8, 'Uranus', 1, 25362, false);
INSERT INTO public.planet VALUES (9, 'Saturn', 1, 58232, false);
INSERT INTO public.planet VALUES (10, 'Alpha Centauri Bb', 6, 6400, false);
INSERT INTO public.planet VALUES (11, 'Tau Ceti f', 5, 12600, true);
INSERT INTO public.planet VALUES (12, '55 Cancri e', 4, 7000, false);


--
-- Data for Name: space_station; Type: TABLE DATA; Schema: public; Owner: freecodecamp
--

INSERT INTO public.space_station VALUES (1, 'International Space Station', 'Low Earth Orbit', 6, true);
INSERT INTO public.space_station VALUES (2, 'Deep Space Gateway', 'Cislunar Orbit', 4, false);
INSERT INTO public.space_station VALUES (3, 'Voyager Station', 'Low Earth Orbit', 400, false);


--
-- Data for Name: star; Type: TABLE DATA; Schema: public; Owner: freecodecamp
--

INSERT INTO public.star VALUES (1, 'Sun', 1, 1989000000000000000000000000000, false);
INSERT INTO public.star VALUES (2, 'Sirius', 2, 3978000000000000000000000000000, true);
INSERT INTO public.star VALUES (3, 'Betelgeuse', 1, 85000000000000000000000000000000, false);
INSERT INTO public.star VALUES (4, 'Vega', 3, 2100000000000000000000000000000, false);
INSERT INTO public.star VALUES (5, 'Rigel', 4, 150000000000000000000000000000000, true);
INSERT INTO public.star VALUES (6, 'Proxima Centauri', 1, 244600000000000000000000000000, false);


--
-- Name: galaxy_galaxy_id_seq; Type: SEQUENCE SET; Schema: public; Owner: freecodecamp
--

SELECT pg_catalog.setval('public.galaxy_galaxy_id_seq', 6, true);


--
-- Name: moon_moon_id_seq; Type: SEQUENCE SET; Schema: public; Owner: freecodecamp
--

SELECT pg_catalog.setval('public.moon_moon_id_seq', 20, true);


--
-- Name: planet_planet_id_seq; Type: SEQUENCE SET; Schema: public; Owner: freecodecamp
--

SELECT pg_catalog.setval('public.planet_planet_id_seq', 12, true);


--
-- Name: space_station_station_id_seq; Type: SEQUENCE SET; Schema: public; Owner: freecodecamp
--

SELECT pg_catalog.setval('public.space_station_station_id_seq', 3, true);


--
-- Name: star_star_id_seq; Type: SEQUENCE SET; Schema: public; Owner: freecodecamp
--

SELECT pg_catalog.setval('public.star_star_id_seq', 6, true);


--
-- Name: galaxy galaxy_id; Type: CONSTRAINT; Schema: public; Owner: freecodecamp
--

ALTER TABLE ONLY public.galaxy
    ADD CONSTRAINT galaxy_id PRIMARY KEY (galaxy_id);


--
-- Name: galaxy galaxy_name_key; Type: CONSTRAINT; Schema: public; Owner: freecodecamp
--

ALTER TABLE ONLY public.galaxy
    ADD CONSTRAINT galaxy_name_key UNIQUE (name);


--
-- Name: moon moon_id; Type: CONSTRAINT; Schema: public; Owner: freecodecamp
--

ALTER TABLE ONLY public.moon
    ADD CONSTRAINT moon_id PRIMARY KEY (moon_id);


--
-- Name: moon moon_name_key; Type: CONSTRAINT; Schema: public; Owner: freecodecamp
--

ALTER TABLE ONLY public.moon
    ADD CONSTRAINT moon_name_key UNIQUE (name);


--
-- Name: planet planet_id; Type: CONSTRAINT; Schema: public; Owner: freecodecamp
--

ALTER TABLE ONLY public.planet
    ADD CONSTRAINT planet_id PRIMARY KEY (planet_id);


--
-- Name: planet planet_name_key; Type: CONSTRAINT; Schema: public; Owner: freecodecamp
--

ALTER TABLE ONLY public.planet
    ADD CONSTRAINT planet_name_key UNIQUE (name);


--
-- Name: space_station space_station_id; Type: CONSTRAINT; Schema: public; Owner: freecodecamp
--

ALTER TABLE ONLY public.space_station
    ADD CONSTRAINT space_station_id PRIMARY KEY (space_station_id);


--
-- Name: space_station space_station_name_key; Type: CONSTRAINT; Schema: public; Owner: freecodecamp
--

ALTER TABLE ONLY public.space_station
    ADD CONSTRAINT space_station_name_key UNIQUE (name);


--
-- Name: star star_id; Type: CONSTRAINT; Schema: public; Owner: freecodecamp
--

ALTER TABLE ONLY public.star
    ADD CONSTRAINT star_id PRIMARY KEY (star_id);


--
-- Name: star star_name_key; Type: CONSTRAINT; Schema: public; Owner: freecodecamp
--

ALTER TABLE ONLY public.star
    ADD CONSTRAINT star_name_key UNIQUE (name);


--
-- Name: moon planet_moon_fk; Type: FK CONSTRAINT; Schema: public; Owner: freecodecamp
--

ALTER TABLE ONLY public.moon
    ADD CONSTRAINT planet_moon_fk FOREIGN KEY (planet_id) REFERENCES public.planet(planet_id);


--
-- Name: planet planet_star_fk; Type: FK CONSTRAINT; Schema: public; Owner: freecodecamp
--

ALTER TABLE ONLY public.planet
    ADD CONSTRAINT planet_star_fk FOREIGN KEY (star_id) REFERENCES public.star(star_id);


--
-- Name: star star_galaxy_fk; Type: FK CONSTRAINT; Schema: public; Owner: freecodecamp
--

ALTER TABLE ONLY public.star
    ADD CONSTRAINT star_galaxy_fk FOREIGN KEY (galaxy_id) REFERENCES public.galaxy(galaxy_id);


--
-- PostgreSQL database dump complete
--

